<modDesc descVersion="72">
	<author>Fetty42</author>
	<version>1.0.0.0</version>
	<title>
        <en>Realistic Animal Losses</en>
		<de>Realistische Tierverluste</de>
    </title>
    <description>
        <de><![CDATA[Deine Tierpopulationen können sich jetzt aufgrund der folgenden Gründe verringern:
- wenn sie zu alt werden (geringe Wahrscheinlichkeit)
  (Für alle Tiere 60 Monate, da der FS22 aktuell kein höheres Tieralter anzeigt)
- wenn sie übere mehrere Stunden eine Gesundheit von unter 25 haben (geringe Wahrscheinlichkeit)
- wenn sie übere mehrere Stunden kein Futter mehr haben (hohe Wahrscheinlichkeit)

Die Überprüfung findet jeweils morgens um 5 Uhr statt.
Falls über den Tag eins der oben erwähnten Risiken erkannt wird, bekommst du alle 8 Std. eine Info, dass du dich um deine Tiere kümmern solltest.

Für Fehlermeldungen oder Anregungen besucht bitte: https://github.com/Fetty42/FS22_RealisticAnimalLosses]]></de>
		<en><![CDATA[Your animal populations may now decrease due to the following reasons:
- when they get too old (low probability)
  (For all animals 60 months, as the FS22 does not currently display a higher animal age)
- when they have a health under 25 for several hours (low probability)
- if they have no food for several hours (high probability).

The check takes place at 5 o'clock in the morning.
If any of the above risks are detected during the day, you will receive an information every 8 hours that you should take care of your animals.

For error messages or suggestions please visit: https://github.com/Fetty42/FS22_RealisticAnimalLosses]]></en>
    </description>
	
	<iconFilename>icon_mod.dds</iconFilename>
	<multiplayer supported="true" />
	<extraSourceFiles>
		<sourceFile filename="FS22_RealisticAnimalLosses.lua" />
	</extraSourceFiles>    
	<l10n>
		<text name="txt_ageLossesMsg">
			<de>%s - Leider hast Du %s %s wegen zu hohem Alter verloren!</de>
			<en>%s - Unfortunately you lost %s %s because of too old age!</en>
        </text>		
		<text name="txt_healthLossesMsg">
			<de>%s - Leider hast Du %s %s wegen geringer Gesundheit verloren!</de>
			<en>%s - Unfortunately you lost %s %s because of bad health!</en>
        </text>		
		<text name="txt_foodLossesMsg">
			<de>%s - Leider hast Du %s %s wegen fehlendem Futter verloren!</de>
			<en>%s - Unfortunately you lost %s %s because of lack of food!</en>
        </text>		
		<text name="txt_riskInfoMsg">
			<de>Achtung, kümmern Sie sich um Ihre Tiere (Futter, Gesundheit, Alter)!</de>
			<en>Attention, take care of your animals (food, health, age)!</en>
        </text>		
		<text name="txt_horse">
			<de>Pferd,Pferde</de>
			<en>horse,horses</en>
        </text>		
        <text name="txt_pig">
			<de>Schwein,Schweine</de>
			<en>pig,pigs</en>
        </text>		
        <text name="txt_cow">
			<de>Kuh,Kühe</de>
			<en>cow,cows</en>
        </text>		
        <text name="txt_sheep">
			<de>Schaf,Schafe</de>
			<en>sheep,sheep</en>
        </text>		
        <text name="txt_chicken">
			<de>Huhn,Hühner</de>
			<en>chicken,chickens</en>
        </text>		
	</l10n>
</modDesc>
